prompt,completion
"Wow! You're so articulate!!

###

", 0
"What kind of file can make a 15mm hole into a 40mm hole A Pedophile

###

", 1
"""RT @studio_gal: """"What a fuckin' idiot. I hate him."""" - me, every single day. #FakePresident""

###

", 1
"Yeah, I've got a bit of a rageboner. Mentally speaking.

###

", 0
"I know. I haven't been this drunk in a longtime cod I only just dropped my phone on my face JESUS Christ p

###

", 0
"The U.S Army and pedophiles are very alike They both go in too quickly, realise too late, and are still pulling out as we speak

###

", 1
"why do black people lean towards the inside of their car ? because they think the smell is coming from outside

###

", 1
"BDD=born with dick disorder
If you are born with dick how people view you will be 100% objectively based on looks

###

", 1
"But then who would be first lady? lol

###

", 0
"Greetings were looking to recruit new members for the United Front or start a new chapter in Surrey/Van we are only in the Valley right now pm if interested .

###

", 0
"@YerOpinion @wonderfullone paper has lost his damn mind n thats y his daughterwife @IvankaTrump moving in next office n peek shows.&#129296;&#129296;

###

", 1
"Yeah unlike this tweet @TeamSandhu I'm not sexist but do girls do everything for attention?

###

", 1
"sitting in sports nutrition ... all the student athletes around me are talking about their workouts ... here I am eating a chicken sandwich

###

", 0
"""Quote To Ponder: """"I'm not afraid of werewolves, vampires or haunted hotels, I'm afraid of what real people to do other real people""""""

###

", 0
"Well, lets just hope she does n't get thrown onto the same pyre that she wants to burn antisemitic books on .

###

", 0
"What do you call a muslim school shooter? Student

###

", 1
"How do you save a black person from drowning? You take you foot off his head

###

", 1
"@InTheYear1611 @nicoledurmire @Tom_Atter @USAloveGOD @slh78_w04 @SweetCharityS Well, I have been clean, sober and w‚Ä¶ https://t.co/vmh7NH4PKl

###

", 0
"What a Muslim guy does after he has sex ? Makes Halal Mutton

###

", 1
"my wife has recently decided to try her hand at cooking and today handed me one of her freshly baked cookies , "" now be brutally honest . "" she smiled , "" i 'm open to criticism . "" i said , "" they 're quite nice , you fat cunt . ""

###

", 1
"Why are you getting the pink one?

###

", 0
"Hi @Se_Railway , why are you STILL running a peak rush hour train down the Bexleyheath line with just 6 coaches? Not a one-off. Every day!

###

", 0
"What's the difference between a baby and a sandwich? I don't know, I think they're both edible sex toys.

###

", 1
"I know Vox is persona non grata aroud here but if I may say so the Alt Hero stuff looks kinda cool.

###

", 0
"What are my views on slavery? Works for me...

###

", 1
"Or try yelling * * * * the nigs ya 'll get suspended , jumped and hopefully some new wn friends or ya 'll die trying. lol Rohawa its a battle cry .

###

", 1
"What do you call a nigger that drives a bus? Bus Driver ,you racist prick

###

", 1
"My crush doesn't attend my football matches any more. Then again I am in prison. 

...and she is dead.

###

", 1
"This type of rhetoric is why I can't get behind the Men's Right Movement.

###

", 0
"And I forgot to link the #bulletjournal official website during my linking inserting. Off to do that now. #bloggersproblems #SleepyBloggers

###

", 0
"When incels paint over their face on a photo to hide it
It's because some hastily drawn lines on MS paint have higher sexual market value than your genetics

###

", 0
"Why are gays and Anne Frank related They both went to a camp

###

", 1
"I must fall under the Alpine grouping as well .

###

", 0
"I like my women like my organs Harvested from a third world country

###

", 1
"Work in the Internet without investment | MIDEAST STOCKS-Gulf starts Q2 on weak note, newly merged Abu Dhabi bank outperforms - Reuters htt

###

", 0
"Sex releases pain killing hormones I hope that's why my kid stopped crying

###

", 1
"Wife completely gives up on trying, doesn't believe you have to when you get married; reason number 349 not to get married!

###

", 1
"Life can fuck you over in so many ways you don't even understand, but it only takes a couple tragic things to spark it. #RealShit #Facts &#128175;‚úå&#127998;

###

", 0
"I want to work at EA... So I can fuck kids all day

###

", 1
"Phahlane: We've mobilised our resources to make sure that we are able to do what we are supposed to do #PeoplesMarch @AfriNewsAgency

###

", 0
"I'd ask if hag Hillary gets her mustache bleached... but I don't want to hear about her anal bleaching adventures.

###

", 1
"If I could describe my sex life with spongebob quotes; ""ARE YOU READY KIDS?""

###

", 1
"what s the difference between a baby and an onion ? i cry when i cut an onion .

###

", 1
"if you're pro-trump argument always has to do with what obama or clinton did or would do you are an idiot

###

", 0
"the late doctor pierce brothers is on this weeks speech very good the corruption of white youth the same thing is happening here a must listen for whites very good very impressed by the doctors brother .

###

", 0
"When YOUR power seems insufficient, GOD'S power takes care of the rest (see 2 Cor. 2:19). #20ways #dreamBIG @JoyceMeyer

###

", 0
"What do you can 5 black men having sex A threesome

###

", 1
"state testing is finally fucking over the suicide is off

###

", 0
"The other day, My uncle yelled ""I will fuck you up, bitch!"" in a fit of rage... I replied ""Okay, meet me in the bathroom like last time...""

###

", 1
"I'd rule as a black government but would keep the whites around just to keep the place running smooth and efficient .

###

", 1
"My wife is thinking about having an abortion. This cannibal restaurant really has an intriguing menu.

###

", 1
"What's the difference between a 9 year old and a condom? One goes on my penis, the other one is used to prevent child birth.

###

", 1
"Eh, but that's not even racist.

###

", 0
"#NationalBeerDay Now this is a day I can get behind. Serve me some cold ones, babes! https://t.co/jwAMSanzUh

###

", 0
"How does a Kentucky mom prove how much she loves her son? She swallows...

###

", 1
"751 no go zones? How did they allow it to go that far? We better protect our nation or the same will happen here.I C WAR COMING HERE!

###

", 0
"So...Latvia banned animals in our ONLY circus here. At the same time, we continue to screw up our CO2 emission things. Great job, gov't!

###

", 0
"the person that is trying to hack me deleted all my drafts :( I'm gonna make this account unhackable just see

###

", 0
"""Dear @Harry_Styles, """"excited"""" isn't the right way to describe my feelings for you and ur new music! I'm so proud. Kindly follow me? ‚Äî 2,042""

###

", 0
"Where it not for the hippies great lie of equality , racial pride of any sort would have never come into being .

###

", 1
"I was born in Canada but my family is 730 + members strong and we are all from Ireland , so the heritage is thick and the pride is strong .

###

", 0
"you got niggas, and i got bitches.

###

", 0
"""RT @histalkingvoice: Courtney was so ugly like the bitch didn't admit that Bryce was a motherfucking rapist like come on man, """"come out"""" ht‚Ä¶""

###

", 1
"Why is media on witch hunt over ""Russian interference"" in election but completely silent about AIPAC interfering in elections for 50 years?

###

", 0
"I bet they wouldnt have done that crap to a black person that had black power or those black fists that the panthers use written on his back pack .

###

", 1
"Men are disposable in a gynocentric society and male privilege does not exist

###

", 1
"I was drawn to all the wrong things: I liked to drink, I was lazy, I didn't have a god, politics, ideas, ideals.

###

", 0
"""RT @osk_mc: Joe Miller """"I lost everything that night"""" BITCH I LOST MY FUCKING LIFE""

###

", 0
"K5BL LIVE Weather McKinney TEXAS USA ... 01:00 AM Temperature 60.1oF Humidity 69 PCT % Wind 0.0 mph N%

###

", 0
"Want a hoe to stop fucking witchu? Ask her for some money and watch her broke ass stop fucking witchu

###

", 1
"There's 1 Gay couple on the 5th level of a hotel and 1 lesbian couple on the same level, Who gets out first? The gay couple, they packed their shit the night before

###

", 1
"so to dodge them niggas dont brag dont boast dont flash for hoes dont sag so low thats how u end uo in correctional like u answered wrong!!

###

", 1
"so abang went to coldplay's concert and he recorded something just like this for me bcos i love it (':

###

", 0
"I actually saw a period belt buckle once with the SS Deaths Head on it and `` Gott Mit Uns '' over it .

###

", 0
"There needs to be a series of Fluffly Pony comics but with sluts instead of fluffy ponies
I would do it myself but I lack artistic talent.

###

", 0
"it is only episode two but I have bad feelings about this all, please leave the smalls alone, LEAVE THEM ALONE

###

", 0
"Anal sex is a lot like your first car You don't want it but your stepdad gives it to you anyway

###

", 1
"Did you hear about the Muslim who tried to hide from the CIA after 9/11? He submerged.

###

", 1
"in my opinion CC did not pitch to well tonight he had base runners every inning and our yankee defense kept him out of trouble!!

###

", 0
"gotta learn to say no because in the end i always end up getting fucked somehow

###

", 0
"Daily reminder that
I T ' S   O V E R

T

'

S

O

V

E

R

###

", 0
"Bryce is so fucking disgusting. I am in fucking tears

###

", 0
"Gramps: in my day we were tough enough to handle people thinking differently cousin: idk u guys freaked when black people used ur bathrooms

###

", 0
"What‚Äôs an Asians favorite candy? Lemonheads

###

", 1
"It's unbelievable the way that journalists fall all over themselves to make excuses for the barbarity of Islam. Not one has read the Quran.

###

", 1
"Incels are treated worse than females in islamic nations.

###

", 1
"All yall bitches fake an wanna b's get yall life,

###

", 1
"It was upsetting to see acted out what I'm willing to bet is the fantasy of *many* GamerGaters. Putting a loud feminist in her place.

###

", 1
"If you're what you eat I'm a dead 10 years old

###

", 0
"DO WE EVER GET FUCKING PENALTIES?!? FUCKKKKK ME. #CHEPAL

###

", 0
"kurt cobain did you know kurt cobain had dandruff ? they found his head&amp;shoulders behind the sofa .

###

", 1
"My sleeping schedule is so fucked up its crazy &#129318;‚Äç‚ôÇÔ∏è&#129318;‚Äç‚ôÇÔ∏è&#129318;‚Äç‚ôÇÔ∏è

###

", 0
"""RT @JamecaTolliver: """"So You Still Mad?"""" = A Niggas Apology""

###

", 1
"If you put milk in a bowl before putting in the cereal you are incel
Take notes.

###

", 0
"We have an appetite for more risk. Our physicians have earned a 20% bonus due to our value-based contracting - Dr Blosser #MedicareAdvSummit

###

", 0
"Q: What's relative humidity? A: The sweat on my sister's back as I fuck her from behind.

###

", 1
"What do Depression branded knives use to stand out? Cutting edge technology

###

", 1
"I think the whole incident with the monkey stealing his hat is enough for anyone who has played the game.

###

", 0
"What's the difference between Kate Upton and a dead body? I don't want to stick my dick in Kate Upton.

###

", 1
"Longer and unedited recording of the radio show : The Jay Thomas Show : ( Warning : Some Graphic Language ) Tuesday 's Heated Exchange Involving Leith Officials Over Mistreatment Claims by Girlfriend of Kynan Dutton | WDAY | Fargo , ND

###

", 0
"a man walks into a bar a man walks into a bar . he is an alcoholic and is ruining his family . another man walks into a bar . dies immediately from head trauma . a woman walks into a bar and is drugged by a black man . bill cosby is arrested the following day a dog walks into a bar . animal control is called animal control walks into a bar , and is immediately mauled by the rabid dog finally a baby walks into a bar , part of the abortion . i made up all of this and realize i am a horrible human being . later on i walk into a bar and the cycle of the world continues

###

", 1
"Remember everybody used to wear them ugly ass roshes

###

", 0
"SORRY IF I UNFOLLOWED YOU ITS JUST THAT MY TL IS SO MESSED UP RN AND I NEEDED TO CLEAN IT ;; DM ME IF YOU WANTED TO KEEP THE MUTUAL!!!!!!!!!

###

", 0
"Scots 0 Brits 0 [Top 2nd] [0 Out] [0 balls] [0 strikes] ... No one on [P: #15 Zach Maresh] [B: #1 Jaret Koin]

###

", 0
"Fucked all of y'all bitches so they parties don't invite me

###

", 1
"Rights for ALL men, including MOC, LGBT men, and male victims of rape.

###

", 0
"Low key wanna text someone from my past and get my point across since we ended on bad terms but I deleted they number so oh whale &#128051;

###

", 0
"RT @TrapicalGod: These hoes really ain't loyal &#128514;&#128591; http://t.co/6u2kbYkQ2n

###

", 0
"If North Korea shoots a missile or prepares to shoot a missile do you think we should blow it up at the launch pad or in the air

###

", 0
"[Female Hypocrisy] Femoids make a thread dedicated to bashing creepy men - but when a Chad does the exact same thing they are whining about in the thread he still gets some pussy.

###

", 1
"Chad can never run out of chances
While we never had one.

###

", 0
"What do Nike and the KKK have in common? They both make niggers run faster.

###

", 1
"Newport Pagnell weather conditions 04:00 Temp 9.1¬∞C Wind 202 ¬∞ at 4 mph Max Today 10.0¬∞C Min Today 9.1¬∞C Rain today 0.0 mm

###

", 0
"At least people in the US have guns to defend themselves .

###

", 0
"Idk wtf people are hating on @WWERomanReigns but the hell with y'all!! I support @WWERomanReigns all the way forever!!!!

###

", 0
"""@ShannonTrimble though he created the false distraction. He's super dumb A sane person is """"oh shit, this won't go away I need to stfu""""""

###

", 0
"My mother always used to tell me ""I wish you were more like your brother"", strangely she would tell me brother the same thing. It turns out that that she had a miscarriage.

###

", 1
"Still can't believe that's who they had Taker pass the torch too. God damn I hate when Vince is gonna carry out his vision at all costs

###

", 0
"Stupid ass hoe

###

", 1
"What do you call a guitar with an extra string? An autistic guitar

###

", 0
"Son: Dad, does wanking give you big muscles? Dad: I don't know son,  but don't stop now I'm about to cum.

###

", 1
"Their mother had self-respect and respect for others and are passing those values down to their daughters .

###

", 0
"Just another south american incel
So i've been hanging around for a while here and i decided to create an account (my first reddit account actually)

Long live the blackpill and i hope i can have a good time around here

###

", 0
".@ListenToRaisin Patriarchy is a myth, so the system has no push back &amp; feminists use chivalry &amp; benevolent sexism masterfully to own ends.

###

", 1
"I'm all for feeding african children to the lions where they can be more useful

###

", 1
"Tired of ugly ass Alexandria... i dont claim this place nomore&#128514;

###

", 1
"This weekend we are delving deep into our concept and blocking. Get ready for clues and sneak peaks of our exciting new Don Giovanni! &#127926;&#128171;&#128139;

###

", 0
"Daily reminder that females exclaim that men oppress them but women oppress themselves- 53% of women voted for Trump

###

", 1
"Its amazing how much trash humans can create Just look at an orphanage, that shit ain't gonna decompose

###

", 1
"Liv, reg and I have a Twitter group dm where we just send each other stupid shit and don't talk about anything else

###

", 0
"Why are dogs as keeping pets, haram in Islam ? Because they can sniff out bombs ...

###

", 1
"Am I the Only One Who Sees a Fellowcel IRL and Just Thinks to Myself ""It's over for him""?

###

", 0
"Lmfao niggas was going ham on the trash can in class.

###

", 1
"vagina what ‚Äôs the useless skin around a vagina called ? the woman .

###

", 1
"What do you call a black asian He Lou Ting.

###

", 1
"Bill's Hierarchy of Hate
1) jews
2) Communists/Socialists/Leftists
3) feminists/fags (extinction level problem)
4) Globalists (at least they have cerebral horsepower)
5) Niggers (too stupid to know better)
6) Muzzies (know how to control women, money, crime- early brainwashing)

###

", 1
"What's the most positive interaction you've had with a woman who wasn't a relativ?.

###

", 0
"My son said he wanted to be president. I said ""shoot for it kiddo"" and the next day obamas body was found camoflauged in the White House Dirt

###

", 0
"what 's the difference between stephen hawking and the computer he 's hooked up to ? the computer runs

###

", 1
"Halfway through class
Just gotta survive 5 more hours

###

", 0
"Oh, you'll get in - you're a girl and you're a minority.

###

", 1
"anyone else ever wake up disappointed
that they didn't die in their sleep?

###

", 0
"The Boner One day I was just walking around, and then I got the hardest boner looking at something. I couldn't resist and started ___ping. I was promptly kicked out of he holocaust museum.

###

", 1
"What is doggystyle with a minor called? Puppystyle.

###

", 1
"What a beautiful day today, this has drinking weather written all over it @Deuces_Parties @JayceP33 @FreddiePalmer_ &#128536;&#127774;&#128540;&#128521;

###

", 0
"Man, my girlfriend is dumb... She still hasn't figured out that my name isn't ""Stop im only 10!"", what a goof,

###

", 1
"Red Pill about to surpass Mens Rights in subscribers
What do you think about this?

###

", 0
"i went to a korean restaurant with my dog earlier . <repeat> then a waiter came over to me and said , "" hi , can i take your border ? ""

###

", 1
"A sub dedicated to proving that False Rape Accusations (FRAs) are a serious problem in society

###

", 1
"Kenny Rogers needs to sell corn and name his store through the ears

###

", 0
"da person you fw today could wake up &amp; not want to fw you tomorrow but a $100 bill still gone be a $100 bill that's why ion trip off nothing

###

", 0
"Great incel to alpha slayer story
I was thinking this morning and realized something great for you all to watch- Season 1 Episode 15 ""Game Time"" from How I Met your Mother.

###

", 0
"I can't help but thin that if ""men's rights were replaced by ""feminism"", there would be a shit-storm/downvote brigade

###

", 0
"Females what do you prefer,a chad looking 10/10 male with a tiny manclit or an incel subhuman below 6/10 with a BID(big incel dick)?

###

", 1
"Instead, he tries to turn this into ""if you're not with GamerGate, you're against freedom of expression"" - uh, no. We're against assholes.

###

", 1
"My girlfriend always takes long showers after watching movies starring Chris Pratt... I don't know what she's doing in there, but it gives me lots of time to jerk off to Chris Pratt.

###

", 0
"The American Spirit, that grossly under-reported phenomenon, is alive and well, surging through the hearts of patriots, awakening, reviving, growing in strength, always there, always true to the elements of liberty that give America her value to our nation and to ourselves. 

###

", 0
"AND have you ever watched what they are watching ?

###

", 0
"""I considered myself a man until a butterfly landed on me one day and I thought it was charming.""

###

", 0
"Why did sally fall off the swing? Because she had no arms.

Knock Knock
Who's there?
Not Sally

###

", 1
"4 book coloring maze and puzzle book bundle for kids. In PDF delivery ready for copying. #coloring #kids #puzzles‚Ä¶ https://t.co/al45Sv7vaJ

###

", 0
"Paul Joseph Watson @PrisonPlanet
  ¬Ø\_(∆íc)_/¬Ø  
[{-_-}] ZZZzz zz z...

We're approaching 3 months since the Las Vegas massacre with still absolutely no idea as to the motivation of Stephen Paddock.

###

", 0
"What is a black man doing pole vault? A shit stuck in a stick.

###

", 1
"I have scoliosis and shoulder higher than the other due to compulsive masturbation
If I had sex that never would have happened.

###

", 0
"Bitterness is like drinking poison &amp; waiting for the other person to die. -Steve Ostten KISSES SlayOnMegMag

###

", 0
"Normtroopers, If personality matters, make an Incel dating profile with my subhuman face and use your personality to get matches/dates
I bet you ¬£50,000 you fail

###

", 0
"When it comes to rape accusations...
... what is the difference between Bill Clinton and Bill Cosby?

###

", 0
"Scientists have now conclusively established the connection between violent videogames and mass shootings they now recommended that every Madden game come with a warning stating ""it may lead to violent behavior.""

###

", 0
"Black The real joke is in the comments.

###

", 0
"My favorite thing is straight cis men saying they aren't offended by homophobic &amp; transphobic jokes. It's amazing how the brain works &#129300;

###

", 0
"I would be curious to know where in Missouri you can get a house that cheap ???

###

", 0
"I‚Äôve gotta say the worst part about breaking up with a Japanese girl is... You‚Äôve gotta drop the bomb twice

###

", 1
"I don't go to that Target it's too ghetto.

###

", 0
"Tom Fitton‚Äè
Remember when JudicialWatch uncovered secret Clinton server emails that Clinton Foundation gang sought diplomatic passports to travel to North Korea?



###

", 0
"If u ever needed an example of how the ""lower"" levels of the oppression pyramid directly contribute to violence against women, see @femfreq

###

", 0
"Yes but upon further research I have realised its just a liability .

###

", 0
"What separates humans from animals? The Mediterranean Sea

###

", 1
"The truth is lighter fluid poured on flaming liberals it burns them greatly

###

", 1
"1 loyal girl &gt; 1OO hoes

###

", 1
"what is bill clinton 's idea of safe sex ? when hillary is out of town .

###

", 0
"I want Michelle Obama to admit he is a male.

###

", 1
"Just fuck my shit up
And if my body was visible it would be even lower probably..

###

", 0
"#VousEcoutez #NowPlaying Donald Byrd &amp; 125th Street, N.Y.C. - Sexy Dancer #yurzradio Enjoy music from #Reims

###

", 0
"Why do homosexuals keep whining about marriage? They should be happy with the rights they have right now.

###

", 1
"You can clearly see in this video they want the white women to look dumb and crazy , whille the asian man looks intelligent and content .

###

", 1
"Who she Epp? Me! Endless love and prayer my incomparable and irreplaceable DIAMOND. #ReunionIsAllIAskIfPossible

###

", 0
"@HuffingtonPost looks like any other little porch monkey to me!

###

", 1
"There's Plenty of Fish in the Sea
And none of us are good enough for any of them

###

", 0
"What's worse than a pile of dead babies? A live one at the bottom, eating its way out.

###

", 1
",@ghostinshell is a disease of a movie and every fucking person involved should be fucking ashamed of themselves.

###

", 1
"Money is the smallest part of success in tech. It's about accomplishment, connections, and rep - all of which wadhwa hides from women.

###

", 0
"You grope me and I'll pull my 2nd Amendment.

###

", 1
"I think the only connection homosexuality has to Christianity , in this country , is the large proportion of paedophiles being representatives of Christian churches .

###

", 1
"Why can't Jews win in a rap battle? They always get burned!

###

", 1
"""@wsbtv """"Check out the Truth Contest website And its top entries, and then spread out the truth worldwide !...""""""

###

", 0
"What can a park bench do that a black guy can‚Äôt? Support A family of 4

###

", 1
"If Harvey Weinstein and Sandra Bernhard had a love child it would be Al Franken.

###

", 1
"I was talking to a friend from Alabama earlier today. I asked him, ""would you take a bullet for the last person you had sex with?""

He replied ""Yer damn rite anything for family.""

###

", 1
"What kind of shit must you write, honestly, no knowledge, no sense of humor, no maturity

###

", 0
"how long does it take a black woman to take out the trash ? <number> months

###

", 1
"How do you stop a baby running in circles? Nail it's other foot to the floor.

###

", 1
"how do you kill a black jew ? make them take a shower .

###

", 1
"Buy 1 get 1 free &gt;&gt;&gt; Lucky for me I haven't been doing much shopping unless you count going to sonic

###

", 0
"I am always being body shamed The police just don't understand

###

", 0
"To think that such a great Christian nation as Ireland has an Islamic Foundation is sickening .

###

", 1
"I know what gypises look like in the easten Europe i seen many of them in Lviv Ukraine begging for my food .

###

", 0
"What do you call two black people high fiving Gang violence

###

", 1
"Trump is literally the truth of sarcasm. He's being sarcastic the whole time only he isn't being sarcastic? Man he's strange

###

", 0
"For white men it 's all about sex and for no real reason .

###

", 1
"i need to know if any whites lives in the La Mirada area i just moved there and i dont know anyone .

###

", 0
"When people cheat and end up saying 'Sorry, it was an accident' Falling down the stairs is an accident. Get your shit together &#128534;

###

", 0
"Yes, this painting is in the Art Institute of Chicago .

###

", 0
"What's the best thing... about reposting the same joke over and over again? Seriously, not a joke. Stop it.

###

", 0
"What did the homeless man get for Christmas? Hypothermia

###

", 1
"from Ace of Spades:

""[Islam] is bringing us so much peace we'll all be dead of it soon""

Reference the U.K. Stabbings. 

###

", 1
"I'm so thankful for parents as chill as mine cause they really don't give af as long as I'm honest 9/10.&#129335;&#127997;‚Äç‚ôÄÔ∏è

###

", 0
"they sent many of the irish immigrants over hundreds of years ago during one of the first ever drafts I beleive .

###

", 0
"My Girlfriend Wanted Us To Have Dinner Together That's the last time I ever drink formula milk.

###

", 1
"I will be a NEET until I die
and I will always have this problem
I tried hard for 2 years
not anymore

###

", 0
"Who gives the best blow jobs? Dead girls because they dont care about breathing.

###

", 1
"I always get fucked over for always putting others before me

###

", 0
"i can't nap when i get home because i have to go to the dentist but my dentist smells like Nasty ass coffee,, y

###

", 1
"i asked a pretty , young , homeless woman if i could take her home , and she said yes with a big smile . <repeat> the look on her face soon changed when i walked off with her cardboard box . <repeat>

###

", 1
"20th January 1882 a drapers shop called Coxon & Co. in Newcastle-upon-Tyne became the first shop to be lit by electric light.

###

", 0
"Every atrocity by the Assad regime is sure to bring out 2 types: 1. The Assadopologists, who generate tons of nonsense and relativism, and

###

", 1
"Rape Small word. Long sentence.

###

", 1
"Before we met when I first saw your name I thought you were going to be one of those quiet Asians-you know? And my mom was like 'well maybe she'll just spend all her time in the library so you'll have the room to yourself! I'm so glad you're not like that!

###

", 1
"I do hate how expensive bus tickets are with a burning passion, I don't even understand why the hell they're so pricy?!

###

", 0
"why did the women cross the road the better question is why isn't she in the kitchen

###

", 1
"IF I FUCKING COMPLIMENT YOU. BITCH SAY THANK YOU LIKE WTF?

###

", 1
"TONIGHT last Varsity/JV Prep Class (5:30) and first Junior High Prep Class (6:00) at MND -- It's a Pom combo night!!

###

", 0
"I went into the kitchen for the first time yesterday My dad told me I was offside
(I'm a male)

###

", 1
"Really fucking winds me up getting ignored but as soon as they need you expect a reply like &#128079;&#127997;

###

", 0
"x-post: TIL Disney removed the Tarzan character from their parks because women kept pinching the butts of the loincloth-wearing actors who played him.

###

", 0
"Your history teacher has to do what the zionist butt heads want them to do .

###

", 1
"Blacks seem to be hell bent on embarrassing themselves and acting like animals everywhere they go .. this is pretty typical behaviour ..

###

", 1
"With the recent upswing in fatcels, we're on the verge of becoming r/fatpeoplehate 2.0
I'm okay with this 

Fatcel = volcel

###

", 1
"So horrible to think how well and truly fucked I am for my exams :))

###

", 0
"Sorry hoes, but L.O.V.E. does not stand for Legs. Open. Very. Easy

###

", 1
"If sharin' is carin' Why didn't Karen share the kids?

###

", 0
"Just want people with short tempers to stay the fuck away from me. Sick of walkin on eggshells for anyone.

###

", 0
"A gay friend of mine asked me how I enjoy women. Apparently ‚Äúmedium rare‚Äù wasn‚Äôt the best answer.

###

", 1
"Who was the most open minded man? JFK

###

", 1
"White men can't jump 9/11 victims proved it wrong

###

", 1
"well here we have it a white european team against a latin american team. we have done so well so far. that a white team has come this far is being considered as incredible by some. but since the next games are in germany2006 would n't it be wonderful if a northern european team won this !!! already i have read about german superiority rascist remarks. pamela leighas pallessen-scherehart

###

", 1
"Woman makes extremely sexist assumption about a man with his daughter - All good according to TwoX

###

", 1
"Overheard someone call the Cubs a dynasty. Am I gonna have to listen to this shit all year?! They've won ONE. Chilllll. #ihatebaseballsomuch

###

", 0
"I am an incel who lost his mind AMA
HAHHAHAHAHHAHAHAHAHAH

###

", 0
"One day you gone catch me on a bad day and I'm gone go off on yo ass &#128522;&#128522;&#128522;

###

", 0
"gagging during a blow job , is one of the most romantic sounds a girl can make . <repeat> it means she 's chosen your dick over oxygen . <repeat>

###

", 1
"QO #LITMPagtatapat #FPJAPBalikBilibid #MDHKasagutan It Will never change baby MCLISSE IWFIL OnStarMusic

###

", 0
"People always tell me I'm a good person The nigger in my basement says otherwise

###

", 1
"@realDonaldTrump You're a schmuck! You hit nothing, caused no damage &amp; Assad's planes are flying destructive sorties next day. Loser bigly!

###

", 1
"#panties crazy #moers petiteebony #upskirts #vietnam cunts https://t.co/lQHK8lHXYe

###

", 1
"Well guess I know a bunch of hoes then. GONE BRING YA #BaldPussy #HoeAss 2 ELEMENTS TONIGHT THO&#8230; http://t.co/4g85sn1AFx

###

", 1
"U had Shawn Michaels, Triple H, The Rock, Cena, even AJ Styles would have worked, but Vince chose 5 move idiot Reigns.. #Wrestlemania

###

", 0
"It is great to hear that there's more women getting involved with #FreeBSD. :) The community is fantastic and has always been supportive.

###

", 0
"After the death of my wife I never got to see another woman for twenty years After my prison sentence ended it was definitely worth it.

###

", 0
"Another Sunday evening making the food women eat with my own incel hands
All with love :)

I love this job :)

###

", 0
"And out of the black a figure forms
A soldier in the sky
With a drop of love
Trying to set you free

###

", 0
"I like my women like I like my bowling balls 12 - large

###

", 1
"His the little John of Ireland.Part of the system as the rest.When it comes down to it these types are more our enemy then the rest .

###

", 1
"I plan on posting the above quote after every post until this really funny joke thread is done with .

###

", 0
"How do you know your sister is on her period? Your dads dick tastes of blood

###

", 1
"@Katie_bg @jacgarspr1 @DBloom451 @TuckerCarlson Yes I know. He was a good guy. I didn't always agree w him but I tr‚Ä¶ https://t.co/a3u1FEMtbX

###

", 0
"Don't wander around Kingston at night or you may end up tied to a tree with your genitals in a bowl nearby being pounded into mush for voo-doo spells .

###

", 1
"""I dont even need a picture of tamar, that bitch is beat in every picture""&#128514;&#128557;&#128514;&#128514;&#128514;

###

", 0
"so she put the blame on them??? she was fucking raped and assaulted. they should know that it was their fault

###

", 0
"I'm an English man living in America I gotta say, smoking f-a-g-s feels a lot better here. 

[Weird spelling to evade the snowflake police]

###

", 1
"Oh, you're not here to hook up with guys.

###

", 0
"Clean Bandit - Rockabye ft. Sean Paul &amp; Anne-Marie, Here's The Brand New # 1 Video In The World... Have A Great Night Ya'll, Live N Luv Life

###

", 0
"Verne Troyer cause of death released He committed suicide after taking 6 children's aspirin.

###

", 1
"I like my dog like i like my women... Thats the whole joke. Im a chinese cannibal.

###

", 1
"The absolute fucking state of the replies to this tweet should give Tommy a big clue why he's forever associated wi‚Ä¶ https://t.co/GZ4UL3Ptsv

###

", 1
"Tune into #etvgh now and listen to Dr. C. J. Buckman discuss Prayer As A Lifestyle o 360 Degree. @Ogbameytetteh

###

", 0
"Excited to go full on Forrest Gump @PongSocialClub with some great people. I apologize in advance for how aggressive I might get.

###

", 0
"Oh my Tony Rodd runs a restaurant in fucking Shoreditch. There's a surprise #MasterChef

###

", 0
"Will make a blog post out of the contents of talk + slides (which are limited, I prefer not using slides)

###

", 0
"I keep having these weird nightmares where my beard gets fucked up... Why do you do this to me universe?

###

", 0
"I'm forsure I will be most likely slowly working on my journalism most likely fuger how I want to do things but I know I most likely be spending less time outside politics.. after all I know how to bring my change and difference  üòé

###

", 0
"Fucking a werewolf can be dangerous If you start before sundown then it can become yiff half way through

###

", 0
"He's a really good writer.

###

", 0
"Get the fuck away from me I hate all of you, faithfully This world was never made for me

###

", 1
"this veggie pizza burger taste fucking amazinggggggg

###

", 0
"What's the difference between Mo Farrah and Adolf Hitler? Mo Farrah can finish a race.

###

", 1
"Definition of sexism... @SarahKylee_13 I'm not sexist, but I believe men and women have their roles in the house.

###

", 1
"cree gets on my nerves cause she be putting gas in my car but i love her cause she be putting gas in my car lol &#128557;

###

", 0
"When you enrich Uranium One, what results is 100% Pure Prison-Grade Clintonium.

###

", 1
"We been creeping and sneaking just to keep it from leaking we so deep in our freaking that we don't sleep on the weekend

###

", 0
"[Kek-fuel] I'm so turned on by Nazis it's affecting my relationship.

###

", 1
"I was licking my grandma's pussy the other day When suddenly I tasted horse cum. Thats when I realized how she died.

###

", 1
"coz. everyone. is. getting. tired. everything. thats. the. reality. fucking. reality. and. thats. fucked. up.

###

", 0
"GAB RUNNNG VERY SLOW - Anyone else got this issue?

###

", 0
"Ugh, we're doing terrible. A lot of Asians, so you know- no one buys anything.

###

", 1
"God Answers paralysed child's prayers. ""No"", says God.

###

", 1
"Some beautiful late nineteenth century Japanese hand-coloured photography that I'm researching‚Ä¶ https://t.co/vStpthQgCg

###

", 0
"Why did princess Diana cross the road? Because she wasn't wearing a seat belt

###

", 1
"what s the hardest part about eating vegetables ? getting them out of the wheel chair

###

", 1
"There is just something hypnotic about seeing a woman with cleavage...A regular size woman.Well any size woman for that matter...Women have power in thier boobs.

###

", 1
"govt: dont litter! shopping centres: has literally two fucking dustbins per level

###

", 0
"A guy in a wheelchair stole my camo jacket last night... He can hide, but he can‚Äôt run

###

", 1
"What is 10 inches long, stiff, and filled with cum? The fetus under my bed.

###

", 1
"Very nice I have a problem with clutter in my room , I would need to throw a hell of a lot out to make mine over but good job

###

", 0
"How do you find a jewish girls phone number? You roll up her sleeve.

###

", 1
"bitches http://t.co/NNg2e1Wmx9

###

", 1
"Post about domesticated violence against men on r/the_donald - just reached r/all

###

", 0
"Words that no one ever says to a silent broad shouldered good looking guy: ""You're so quiet""

###

", 0
"I'm so fucking hyped for @VELDFest !!! SO PUMPED FOR MYBOY @GetterOfficial &#128525;&#128525; UHHH SUH DUDE

###

", 0
"Please join the discussions first before posting your pictures .

###

", 0
"> The only good argument is personal bodily autonomy. If that's how you feel...what do you want me to say since that's the only good argument? =/

###

", 0
"I hate when those little white kids try and act black. Like bitch YOU ARE WHITE

###

", 1
""" i blew a tire on the way to work today . "" * "" how 'd you do that ? "" * "" ran over a glass bottle . "" * "" well , did n't you see it ? "" * "" nah , damn kid had it under his coat . ""

###

", 1
"Brandon fucking pranked me w a fake snake today and I literally almost peed myself

###

", 1
"Please people, please stop posting photos of that ulgy bitch that lost the election and of that moslem faggot that never was president...please im sick of their faces.... 

###

", 1
"No wonder fortnite is so popular among school children Who doesn‚Äôt love hopping off the bus and shooting everybody in sight?

###

", 1
"Why do theses retards go after me I have downwind rum so stop

###

", 1
"The way we talk to our children becomes their inner voice.‚Äù ~ Peggy O‚ÄôMara @USPlayCoalition @thelastdad @ink7

###

", 0
"TwoX, a generally feminist sub, has a heartwarming post about an amazing father.

###

", 0
"Where does a black jew belong? The back of the oven

###

", 1
"I see that the downvote bots are back, lol.

###

", 0
"The radical feminists have a new sub they use to attack men's safety

###

", 1
"What's the one thing that can make one pussy more pussy than another? An infection.

###

", 0
"I so wish one day the coach can start with Noordien instead of Manyisa, nonetheless all the best Buccaneers @SuperSportTV #ssDiski

###

", 0
"Yeah, I get threats. And it means I have to be cautious. But really, I'm crazy enough to think I'm unbreakable, which is why this works.

###

", 0
"Who remembers 2 girls 1 cup? That shit was huge when it first came out!

###

", 0
"Knowing I should be seeing @Stormzy1 tonight in Glasgow but I'm stuck on a fucking canal boat in Yorkshire is proper heartbreaking&#128563;&#128580;&#128545;&#128557;

###

", 0
"Rebecca please just fuck off, do one, just get lost! Take you and your unborn baby &amp; go away; just hanging round the Dales like a bad smell

###

", 1
"Why did the cop shoot himself? Because he was black

###

", 1
"Why did the ISIS executed him ? The girl that he raped didn't die.

###

", 1
"in just weeks my bladder leakage was resolved with no side effects

###

", 0
"When home from work, gonna stream my ugly ass until bedtime

###

", 0
"the naerossi mutual: - RETJEH &#128176; - you can ask abt medicine &#128514;&#128514;&#128514; - you can ask abt webtun lawaq - her tweets are relatable - a softie

###

", 0
"Roses are black, the sub count is plummeting

###

", 1
"Islam is simply an excuse to rape, murder, loot, practice bigotry, sexism and hatred. The prophet Mohamed designed it to get thugs to follow

###

", 1
"Calvert-Lewin just looks lost at the moment. Surprised Lookman or Mirallas didn't start, but can't be long.

###

", 0
"Manufacturing in US kept expanding at robust pace in March - San Antonio Express-News (subscription) https://t.co/pBJIq1uq4O

###

", 0
"The only way I can stay awake all class on Tuesday/Thursday is if I get aroma joe's ice coffee right before

###

", 0
"Feminism as a Secular Religion
What are your ideas on Feminism being a Secular Religion?

###

", 0
"Expecting yogi govt to take action against fee hike in pvt schools noida #‡§∏‡•ç‡§ï‡•Ç‡§≤_‡§ï‡•Ä_‡§Æ‡§®‡§Æ‡§æ‡§®‡•Ä_‡§¨‡§Ç‡§¶_‡§π‡•ã@pksbjp @HRDMinistr @toi @ndtv @htnoidagzb

###

", 0
"People all over the world are having sex right now and we are cursing our lives
This shit happens when you are not a male model or don't hook up with a girl when she is still a virgin.

###

", 0
"To pose, perpetuate, Confront, or confirm Each day We swing the gate Of opportunity Or lay a brick and build the wall. Who are you to we?

###

", 0
"Hawaii has a weird tradition When two people of the opposite sex share a birthday they are supposed to make love in front of the entire town, this gets kinda awkward when it comes to twins

###

", 0
"What‚Äôs some you‚Äôll hear bill Cosby and a surgeon say when their panicking She‚Äôs waking up!

###

", 1
"FCD has the tendency to park the bus in big games in the road. If they do that tonight there's no doubt in my mind they will lose.

###

", 0
"It‚Äôs really entertaining to see these alt-right e-personalities get greedy and overplay their hand.

###

", 0
"Why do you hate women, and what do you hate about them?

###

", 0
"learning someone i worked with died, the tragic kind, made me feel bad 4 not being able 2 visit 'em and repay the kindness they have given.

###

", 0
"""This stupid guy just asked """"So can I take you out to eat after class?"""" I said """"uhh no I don't just hang out with boys"""" """"I'm a man tho"""" &#128514;&#128514;""

###

", 0
"I'm not sure if you all have heard of this before or not but the other day my friend told me that he heard soon the government will require us to have an ID chip put under our skin on our hand .

###

", 0
"Woman was quick to respond when I said I have problems because I'm facially below average and women don't date facially below average men, but as soon as I linked her to the atomic blackpill she shut up.

###

", 1
"Attention zookeepers: we're being brigaded
It's &gt;1200; lock it up please

###

", 1
"Keep your brow game strong with #Arbonne! Enter to win a Shape It Up makeup prize package at #FeistyFrugal! https://t.co/IiwrPpOGJ7

###

", 0
"More SWAT zebra-20 chatter:

""We have multiple firearms up here, from where they were shooting out of, but we just have one suspect down at this time.""

###

", 0
"It pains me that I secretly crush up pills and put them in grandma's meals But I'd be fucked if I got her pregnant

###

", 1
